Sequence,CTCF HELA,DNase HELA,H3K4me3 HELA,RRBS HELA,CTCF HL60,DNase HL60,H3K4me3 HL60,RRBS HL60,Normalized Efficacy HELA,Normalized Efficacy HL60,Efficacy HELA,Efficacy HL60,Absolute Error,Squared Error,Misclassification
AACACTCCCAGTCACTCCGCAGG,AAAAAAAAAAAAAAAAAAAAAAA,AAAAAAAAAAAAAAAAAAAAAAA,AAAAAAAAAAAAAAAAAAAAAAA,NNNNNNNNNNNNNNNNNNNNNNN,AAAAAAAAAAAAAAAAAAAAAAA,AAAAAAAAAAAAAAAAAAAAAAA,AAAAAAAAAAAAAAAAAAAAAAA,NNNNNNNNNNNNNNNNNNNNNNN,0.263448182,0.263448182,1,1,0.0,0.0,0
AACAGTAGGTGCCATCGGGCCGG,AAAAAAAAAAAAAAAAAAAAAAA,AAAAAAAAAAAAAAAAAAAAAAA,AAAAAAAAAAAAAAAAAAAAAAA,NNNNNNNNNNNNNNNANNNNANN,NNNNNNNNNNNNNNNNNNNNNNN,AAAAAAAAAAAAAAAAAAAAAAA,AAAAAAAAAAAAAAAAAAAAAAA,NNNNNNNNNNNNNNNANNNNANN,0.294409613,0.062077555,1,0,0.232332058,0.053978185174515365,1
AACATACCACAGGTAAGCCATGG,AAAAAAAAAAAAAAAAAAAAAAA,AAAAAAAAAAAAAAAAAAAAAAA,AAAAAAAAAAAAAAAAAAAAAAA,NNNNNNNNNNNNNNNNNNNNNNN,NNNNNNNNNNNNNNNNNNNNNNN,AAAAAAAAAAAAAAAAAAAAAAA,NNNNNNNNNNNNNNNNNNNNNNN,NNNNNNNNNNNNNNNNNNNNNNN,0.49520376200000005,0.248097994,1,1,0.24710576800000006,0.061061260578869854,0
AACGACCTGGGAGAATCCGCTGG,AAAAAAAAAAAAAAAAAAAAAAA,AAAAAAAAAAAAAAAAAAAAAAA,AAAAAAAAAAAAAAAAAAAAAAA,NNNNNNNNNNNNNNNNNNNNNNN,AAAAAAAAAAAAAAAAAAAAAAA,AAAAAAAAAAAAAAAAAAAAAAA,AAAAAAAAAAAAAAAAAAAAAAA,NNNNNNNNNNNNNNNNNNNNNNN,0.294548546,0.294548546,1,1,0.0,0.0,0
AACGGGCTGATCGTGGAGGAGGG,AAAAAAAAAAAAAAAAAAAAAAA,AAAAAAAAAAAAAAAAAAAAAAA,AAAAAAAAAAAAAAAAAAAAAAA,NNANNNNNNNNANNNNNNNNNNN,AAAAAAAAAAAAAAAAAAAAAAA,AAAAAAAAAAAAAAAAAAAAAAA,AAAAAAAAAAAAAAAAAAAAAAA,NNANNNNNNNNANNNNNNNNNNN,0.34332471299999995,0.34332471299999995,1,1,0.0,0.0,0
AAGGAAGATGGCGGACGGCGTGG,AAAAAAAAAAAAAAAAAAAAAAA,AAAAAAAAAAAAAAAAAAAAAAA,AAAAAAAAAAAAAAAAAAAAAAA,NNNNNNNNNNNNNNNNNNNNNNN,NNNNNNNNNNNNNNNNNNNNNNN,AAAAAAAAAAAAAAAAAAAAAAA,AAAAAAAAAAAAAAAAAAAAAAA,NNNNNNNNNNNNNNNNNNNNNNN,0.37781609200000005,0.077513417,1,0,0.3003026750000001,0.09018169661215567,1
ACAGGACTCATGTTCAACACGGG,AAAAAAAAAAAAAAAAAAAAAAA,AAAAAAAAAAAAAAAAAAAAAAA,AAAAAAAAAAAAAAAAAAAAAAA,NNNNNNNNNNNNNNNNNNNNNNN,AAAAAAAAAAAAAAAAAAAAAAA,AAAAAAAAAAAAAAAAAAAAAAA,AAAAAAAAAAAAAAAAAAAAAAA,NNNNNNNNNNNNNNNNNNNNNNN,0.17204763899999997,0.17204763899999997,1,1,0.0,0.0,0
ACGCACGGACGTGTCCCAGGAGG,AAAAAAAAAAAAAAAAAAAAAAA,AAAAAAAAAAAAAAAAAAAAAAA,AAAAAAAAAAAAAAAAAAAAAAA,NANNNANNNANNNNNNNNNNNNN,NNNNNNNNNNNNNNNNNNNNNNN,AAAAAAAAAAAAAAAAAAAAAAA,AAAAAAAAAAAAAAAAAAAAAAA,NANNNANNNANNNNNNNNNNNNN,0.548589342,0.364194797,1,1,0.18439454499999997,0.03400134822575701,0
AGATCTTATCCAGCTCGCCGTGG,AAAAAAAAAAAAAAAAAAAAAAA,AAAAAAAAAAAAAAAAAAAAAAA,AAAAAAAAAAAAAAAAAAAAAAA,NNNNNNNNNNNNNNNNNNNNNNN,NNNNNNNNNNNNNNNNNNNNNNN,AAAAAAAAAAAAAAAAAAAAAAA,AAAAAAAAAAAAAAAAAAAAAAA,NNNNNNNNNNNNNNNNNNNNNNN,0.462131661,0.19681649,1,1,0.265315171,0.07039213996275925,0
AGCAAATATGGACCTCGCGGCGG,AAAAAAAAAAAAAAAAAAAAAAA,AAAAAAAAAAAAAAAAAAAAAAA,AAAAAAAAAAAAAAAAAAAAAAA,NNNNNNNNNNNNNNNNNNNNNNN,AAAAAAAAAAAAAAAAAAAAAAA,AAAAAAAAAAAAAAAAAAAAAAA,AAAAAAAAAAAAAAAAAAAAAAA,NNNNNNNNNNNNNNNNNNNNNNN,0.27869574199999997,0.27869574199999997,1,1,0.0,0.0,0
AGCAGAAGATGACTCAAGACCGG,AAAAAAAAAAAAAAAAAAAAAAA,AAAAAAAAAAAAAAAAAAAAAAA,AAAAAAAAAAAAAAAAAAAAAAA,NNNNNNNNNNNNNNNNNNNNANN,AAAAAAAAAAAAAAAAAAAAAAA,AAAAAAAAAAAAAAAAAAAAAAA,AAAAAAAAAAAAAAAAAAAAAAA,NNNNNNNNNNNNNNNNNNNNNNN,0.11909090900000001,0.201976445,0,1,0.082885536,0.006870012078007295,1
AGCAGTAGCGCTTCAGGCCCAGG,AAAAAAAAAAAAAAAAAAAAAAA,AAAAAAAAAAAAAAAAAAAAAAA,AAAAAAAAAAAAAAAAAAAAAAA,NNNNNNNNNNNNNNNNNNNNNNN,AAAAAAAAAAAAAAAAAAAAAAA,AAAAAAAAAAAAAAAAAAAAAAA,AAAAAAAAAAAAAAAAAAAAAAA,NNNNNNNNNNNNNNNNNNNNNNN,0.12744333,0.12744333,0,0,0.0,0.0,0
AGCTCCAGCTGCTGAACCACCGG,AAAAAAAAAAAAAAAAAAAAAAA,AAAAAAAAAAAAAAAAAAAAAAA,AAAAAAAAAAAAAAAAAAAAAAA,NNNNNNNNNNNNNNNNNNNNNNN,AAAAAAAAAAAAAAAAAAAAAAA,AAAAAAAAAAAAAAAAAAAAAAA,AAAAAAAAAAAAAAAAAAAAAAA,NNNNNNNNNNNNNNNNNNNNNNN,0.418085235,0.418085235,1,1,0.0,0.0,0
AGCTCTACGCTTCGCCGCCGCGG,AAAAAAAAAAAAAAAAAAAAAAA,AAAAAAAAAAAAAAAAAAAAAAA,AAAAAAAAAAAAAAAAAAAAAAA,NNNNNNNNNNNNNNNNNNNNNNN,AAAAAAAAAAAAAAAAAAAAAAA,AAAAAAAAAAAAAAAAAAAAAAA,AAAAAAAAAAAAAAAAAAAAAAA,NNNNNNNNNNNNNNNNNNNNNNN,0.479023948,0.479023948,1,1,0.0,0.0,0
AGGACCGCGAGGCCTTCCAGAGG,AAAAAAAAAAAAAAAAAAAAAAA,AAAAAAAAAAAAAAAAAAAAAAA,AAAAAAAAAAAAAAAAAAAAAAA,NNNNNNNNNNNNNNNNNNNNNNN,NNNNNNNNNNNNNNNNNNNNNNN,AAAAAAAAAAAAAAAAAAAAAAA,AAAAAAAAAAAAAAAAAAAAAAA,NNNNNNNNNNNNNNNNNNNNNNN,0.679310345,0.262338621,1,1,0.416971724,0.17386541861553217,0
AGGCTGTCACCGATCTGGGCTGG,AAAAAAAAAAAAAAAAAAAAAAA,AAAAAAAAAAAAAAAAAAAAAAA,AAAAAAAAAAAAAAAAAAAAAAA,NNNNNNNNNNNNNNNNNNNNNNN,NNNNNNNNNNNNNNNNNNNNNNN,AAAAAAAAAAAAAAAAAAAAAAA,AAAAAAAAAAAAAAAAAAAAAAA,NNNNNNNNNNNNNNNNNNNNNNN,0.489469266,0.154368464,1,1,0.33510080200000003,0.11229254750104323,0
AGTCCTGAGTCCGGATGAACTGG,AAAAAAAAAAAAAAAAAAAAAAA,AAAAAAAAAAAAAAAAAAAAAAA,AAAAAAAAAAAAAAAAAAAAAAA,NNNNNNNNNNNANNNNNNNNNNN,NNNNNNNNNNNNNNNNNNNNNNN,AAAAAAAAAAAAAAAAAAAAAAA,AAAAAAAAAAAAAAAAAAAAAAA,NNNNNNNNNNNANNNNNNNNNNN,0.7148454409999999,0.406369593,1,1,0.30847584799999994,0.09515734879931907,0
ATCAGCCCGTTCCCGCAGCCGGG,AAAAAAAAAAAAAAAAAAAAAAA,AAAAAAAAAAAAAAAAAAAAAAA,AAAAAAAAAAAAAAAAAAAAAAA,NNNNNNNNANNNNNANNNNAANN,AAAAAAAAAAAAAAAAAAAAAAA,AAAAAAAAAAAAAAAAAAAAAAA,AAAAAAAAAAAAAAAAAAAAAAA,NNNNNNNNANNNNNANNNNAANN,0.387571541,0.387571541,1,1,0.0,0.0,0
ATCTCTTCTGCAGATTGAGGTGG,AAAAAAAAAAAAAAAAAAAAAAA,AAAAAAAAAAAAAAAAAAAAAAA,AAAAAAAAAAAAAAAAAAAAAAA,NNNNNNNNNNNNNNNNNNNNNNN,NNNNNNNNNNNNNNNNNNNNNNN,AAAAAAAAAAAAAAAAAAAAAAA,AAAAAAAAAAAAAAAAAAAAAAA,NNNNNNNNNNNNNNNNNNNNNNN,0.34921848200000005,0.408047211,1,1,0.05882872899999997,0.0034608193557554372,0
ATGAAATCCATCTACTGCCCTGG,AAAAAAAAAAAAAAAAAAAAAAA,AAAAAAAAAAAAAAAAAAAAAAA,AAAAAAAAAAAAAAAAAAAAAAA,NNNNNNNNNNNNNNNNNNNNNNN,NNNNNNNNNNNNNNNNNNNNNNN,AAAAAAAAAAAAAAAAAAAAAAA,NNNNNNNNNNNNNNNNNNNNNNN,NNNNNNNNNNNNNNNNNNNNNNN,0.456374086,0.194918057,1,1,0.261456029,0.06835925510044882,0
ATGCCATGATCAGGGCCAACAGG,AAAAAAAAAAAAAAAAAAAAAAA,AAAAAAAAAAAAAAAAAAAAAAA,AAAAAAAAAAAAAAAAAAAAAAA,NNNNNNNNNNNNNNNNNNNNNNN,NNNNNNNNNNNNNNNNNNNNNNN,AAAAAAAAAAAAAAAAAAAAAAA,AAAAAAAAAAAAAAAAAAAAAAA,NNNNNNNNNNNNNNNNNNNNNNN,0.11074759199999999,0.10981651,0,0,0.0009310819999999859,8.669136907239737e-07,0
ATTGCATCTTCAGCCAGCACTGG,AAAAAAAAAAAAAAAAAAAAAAA,AAAAAAAAAAAAAAAAAAAAAAA,AAAAAAAAAAAAAAAAAAAAAAA,NNNNNNNNNNNNNNNNNNNNNNN,NNNNNNNNNNNNNNNNNNNNNNN,AAAAAAAAAAAAAAAAAAAAAAA,AAAAAAAAAAAAAAAAAAAAAAA,NNNNNNNNNNNNNNNNNNNNNNN,0.8202925809999999,0.19707191300000002,1,1,0.6232206679999999,0.38840400102236605,0
CACGCGGATGCCCGTGCAGAAGG,AAAAAAAAAAAAAAAAAAAAAAA,AAAAAAAAAAAAAAAAAAAAAAA,AAAAAAAAAAAAAAAAAAAAAAA,NNNNNNNNNNNNNNNNNNNNNNN,NNNNNNNNNNNNNNNNNNNNNNN,AAAAAAAAAAAAAAAAAAAAAAA,NNNNNNNNNNNNNNNNNNNNNNN,NNNNNNNNNNNNNNNNNNNNNNN,0.126390226,0.042561443,0,0,0.08382878299999999,0.007027264859261088,0
CAGAACCGCATGAGGGAAAGAGG,AAAAAAAAAAAAAAAAAAAAAAA,AAAAAAAAAAAAAAAAAAAAAAA,AAAAAAAAAAAAAAAAAAAAAAA,NNNNNNNNNNNNNNNNNNNNNNN,AAAAAAAAAAAAAAAAAAAAAAA,AAAAAAAAAAAAAAAAAAAAAAA,NNNNNNNNNNNNNNNNNNNNNNN,NNNNNNNNNNNNNNNNNNNNNNN,0.21136886100000002,0.155223762,1,1,0.05614509900000003,0.0031522721417198045,0
CAGATCCCACATCAATAACCCGG,AAAAAAAAAAAAAAAAAAAAAAA,AAAAAAAAAAAAAAAAAAAAAAA,AAAAAAAAAAAAAAAAAAAAAAA,NNNNNNNNNNNNNNNNNNNNNNN,AAAAAAAAAAAAAAAAAAAAAAA,AAAAAAAAAAAAAAAAAAAAAAA,NNNNNNNNNNNNNNNNNNNNNNN,NNNNNNNNNNNNNNNNNNNNNNN,0.37031348,0.312516152,1,1,0.05779732799999998,0.003340531123939582,0
CATCATCGAGAACACCGACCTGG,AAAAAAAAAAAAAAAAAAAAAAA,AAAAAAAAAAAAAAAAAAAAAAA,AAAAAAAAAAAAAAAAAAAAAAA,NNNNNNNNNNNNNNNNNNNNNNN,AAAAAAAAAAAAAAAAAAAAAAA,AAAAAAAAAAAAAAAAAAAAAAA,AAAAAAAAAAAAAAAAAAAAAAA,NNNNNNNNNNNNNNNNNNNNNNN,0.49179113700000004,0.49179113700000004,1,1,0.0,0.0,0
CATTGGCGCCAAGATGGCGATGG,AAAAAAAAAAAAAAAAAAAAAAA,AAAAAAAAAAAAAAAAAAAAAAA,AAAAAAAAAAAAAAAAAAAAAAA,NNNNNNNNNNNNNNNNNNNNNNN,NNNNNNNNNNNNNNNNNNNNNNN,AAAAAAAAAAAAAAAAAAAAAAA,AAAAAAAAAAAAAAAAAAAAAAA,NNNNNNNNNNNNNNNNNNNNNNN,0.30246604,0.105801589,1,0,0.196664451,0.0386769062871314,1
CCCAAATTCAAGGCGGCCCGTGG,AAAAAAAAAAAAAAAAAAAAAAA,AAAAAAAAAAAAAAAAAAAAAAA,AAAAAAAAAAAAAAAAAAAAAAA,NNNNNNNNNNNNNNNNNNNNNNN,AAAAAAAAAAAAAAAAAAAAAAA,AAAAAAAAAAAAAAAAAAAAAAA,AAAAAAAAAAAAAAAAAAAAAAA,NNNNNNNNNNNNNNNNNNNNNNN,0.143179573,0.143179573,0,0,0.0,0.0,0
CCCTTCTAGGGCCAGTGGGATGG,AAAAAAAAAAAAAAAAAAAAAAA,AAAAAAAAAAAAAAAAAAAAAAA,AAAAAAAAAAAAAAAAAAAAAAA,NNNNNNNNNNNNNNNNNNNNNNN,NNNNNNNNNNNNNNNNNNNNNNN,AAAAAAAAAAAAAAAAAAAAAAA,AAAAAAAAAAAAAAAAAAAAAAA,NNNNNNNNNNNNNNNNNNNNNNN,0.220062696,0.168804703,1,1,0.051257993,0.0026273818463880493,0
CCGCTGTACTCCGGGTGAAGCGG,AAAAAAAAAAAAAAAAAAAAAAA,AAAAAAAAAAAAAAAAAAAAAAA,AAAAAAAAAAAAAAAAAAAAAAA,NNANNNNNNNNNANNNNNNNNNN,AAAAAAAAAAAAAAAAAAAAAAA,AAAAAAAAAAAAAAAAAAAAAAA,AAAAAAAAAAAAAAAAAAAAAAA,NNNNNNNNNNNNNNNNNNNNNNN,0.438119122,0.323537385,1,1,0.11458173700000002,0.013128974453937172,0
CCGTGGCTATCTGGTGACCCAGG,AAAAAAAAAAAAAAAAAAAAAAA,AAAAAAAAAAAAAAAAAAAAAAA,AAAAAAAAAAAAAAAAAAAAAAA,NNNNNNNNNNNNNNNNNNNNNNN,NNNNNNNNNNNNNNNNNNNNNNN,AAAAAAAAAAAAAAAAAAAAAAA,AAAAAAAAAAAAAAAAAAAAAAA,NNNNNNNNNNNNNNNNNNNNNNN,0.39255704,0.332106521,1,1,0.060450519000000036,0.0036542652473693653,0
CCTCCTCCGAGAGGATGGCCTGG,AAAAAAAAAAAAAAAAAAAAAAA,AAAAAAAAAAAAAAAAAAAAAAA,AAAAAAAAAAAAAAAAAAAAAAA,NNNNNNNNNNNNNNNNNNNNNNN,AAAAAAAAAAAAAAAAAAAAAAA,AAAAAAAAAAAAAAAAAAAAAAA,AAAAAAAAAAAAAAAAAAAAAAA,NNNNNNNNNNNNNNNNNNNNNNN,0.230052769,0.230052769,1,1,0.0,0.0,0
CCTGTCCCAGGATGACCGAGTGG,AAAAAAAAAAAAAAAAAAAAAAA,AAAAAAAAAAAAAAAAAAAAAAA,AAAAAAAAAAAAAAAAAAAAAAA,NNNNNNNNNNNNNNNNNNNNNNN,AAAAAAAAAAAAAAAAAAAAAAA,AAAAAAAAAAAAAAAAAAAAAAA,AAAAAAAAAAAAAAAAAAAAAAA,NNNNNNNNNNNNNNNNNNNNNNN,0.356270009,0.356270009,1,1,0.0,0.0,0
CCTTCCCTAGGTCCTCGCAAGGG,AAAAAAAAAAAAAAAAAAAAAAA,AAAAAAAAAAAAAAAAAAAAAAA,AAAAAAAAAAAAAAAAAAAAAAA,NNNNNNNNNNNNNNNNANNNNNN,NNNNNNNNNNNNNNNNNNNNNNN,AAAAAAAAAAAAAAAAAAAAAAA,AAAAAAAAAAAAAAAAAAAAAAA,NNNNNNNNNNNNNNNNANNNNNN,0.717983281,0.27865185,1,1,0.439331431,0.19301210626450777,0
CGCGGAACACCTTAGCGACGCGG,AAAAAAAAAAAAAAAAAAAAAAA,AAAAAAAAAAAAAAAAAAAAAAA,AAAAAAAAAAAAAAAAAAAAAAA,NNNNNNNNNNNNNNNNNNNNNNN,AAAAAAAAAAAAAAAAAAAAAAA,AAAAAAAAAAAAAAAAAAAAAAA,AAAAAAAAAAAAAAAAAAAAAAA,NNNNNNNNNNNNNNNNNNNNNNN,0.25975859100000004,0.25975859100000004,1,1,0.0,0.0,0
CGGCACATCGTAGAGACGCACGG,AAAAAAAAAAAAAAAAAAAAAAA,AAAAAAAAAAAAAAAAAAAAAAA,AAAAAAAAAAAAAAAAAAAAAAA,ANNNNNNNANNNNNNNANNNANN,NNNNNNNNNNNNNNNNNNNNNNN,AAAAAAAAAAAAAAAAAAAAAAA,AAAAAAAAAAAAAAAAAAAAAAA,ANNNNNNNANNNNNNNANNNANN,0.364399164,0.42767366799999995,1,1,0.06327450399999995,0.00400366285644601,0
CGGCGGCATTAGCGAGGAGGAGG,AAAAAAAAAAAAAAAAAAAAAAA,AAAAAAAAAAAAAAAAAAAAAAA,AAAAAAAAAAAAAAAAAAAAAAA,NNNNANNNNNNNNANNNNNNNNN,AAAAAAAAAAAAAAAAAAAAAAA,AAAAAAAAAAAAAAAAAAAAAAA,AAAAAAAAAAAAAAAAAAAAAAA,NNNNANNNNNNNNANNNNNNNNN,0.24844631,0.24844631,1,1,0.0,0.0,0
CGGTGTCCACCATTTCCACCAGG,AAAAAAAAAAAAAAAAAAAAAAA,AAAAAAAAAAAAAAAAAAAAAAA,AAAAAAAAAAAAAAAAAAAAAAA,AANNNNNNNNNNNNNNNNNNNNN,AAAAAAAAAAAAAAAAAAAAAAA,AAAAAAAAAAAAAAAAAAAAAAA,AAAAAAAAAAAAAAAAAAAAAAA,NANNNNNNNNNNNNNNNNNNNNN,0.450626959,0.038440816,1,0,0.412186143,0.16989741648121645,1
CGTACAACGGGAACGGAGCCCGG,AAAAAAAAAAAAAAAAAAAAAAA,AAAAAAAAAAAAAAAAAAAAAAA,AAAAAAAAAAAAAAAAAAAAAAA,NNNNNNNNNNNNNNNNNNNNNNN,AAAAAAAAAAAAAAAAAAAAAAA,AAAAAAAAAAAAAAAAAAAAAAA,AAAAAAAAAAAAAAAAAAAAAAA,NNNNNNNNNNNNNNNNNNNNNNN,0.066302414,0.066302414,0,0,0.0,0.0,0
CTACATACCTTCTGGCGGCCAGG,AAAAAAAAAAAAAAAAAAAAAAA,AAAAAAAAAAAAAAAAAAAAAAA,AAAAAAAAAAAAAAAAAAAAAAA,NNNNNNNNNNNNNNNNNNNNNNN,NNNNNNNNNNNNNNNNNNNNNNN,AAAAAAAAAAAAAAAAAAAAAAA,AAAAAAAAAAAAAAAAAAAAAAA,NNNNNNNNNNNNNNNNNNNNNNN,0.18859396,0.31794278,0,1,0.12934881999999998,0.016731117235392393,1
CTCTCTTGATGGTGCGCAGCGGG,AAAAAAAAAAAAAAAAAAAAAAA,AAAAAAAAAAAAAAAAAAAAAAA,AAAAAAAAAAAAAAAAAAAAAAA,NNNNNNNNNNNNNNNNNNNNNNN,AAAAAAAAAAAAAAAAAAAAAAA,AAAAAAAAAAAAAAAAAAAAAAA,AAAAAAAAAAAAAAAAAAAAAAA,NNNNNNNNNNNNNNNNNNNNNNN,0.354061557,0.354061557,1,1,0.0,0.0,0
CTGAACCAGCCACCCGAGGATGG,AAAAAAAAAAAAAAAAAAAAAAA,AAAAAAAAAAAAAAAAAAAAAAA,AAAAAAAAAAAAAAAAAAAAAAA,NNNNNNNNNNNNNNANNNNNNNN,NNNNNNNNNNNNNNNNNNNNNNN,AAAAAAAAAAAAAAAAAAAAAAA,AAAAAAAAAAAAAAAAAAAAAAA,NNNNNNNNNNNNNNANNNNNNNN,0.10872457699999999,0.060628025999999995,0,0,0.048096550999999994,0.0023132782180956004,0
CTGAGAGGACCATTGCGAAGCGG,AAAAAAAAAAAAAAAAAAAAAAA,AAAAAAAAAAAAAAAAAAAAAAA,AAAAAAAAAAAAAAAAAAAAAAA,NNNNNNNNNNNNNNNNNNNNNNN,AAAAAAAAAAAAAAAAAAAAAAA,AAAAAAAAAAAAAAAAAAAAAAA,AAAAAAAAAAAAAAAAAAAAAAA,NNNNNNNNNNNNNNNNNNNNNNN,0.356978443,0.356978443,1,1,0.0,0.0,0
CTGCAAGAACCGCTACGACAAGG,AAAAAAAAAAAAAAAAAAAAAAA,AAAAAAAAAAAAAAAAAAAAAAA,AAAAAAAAAAAAAAAAAAAAAAA,NNNNNNNNNNNNNNNNNNNNNNN,AAAAAAAAAAAAAAAAAAAAAAA,AAAAAAAAAAAAAAAAAAAAAAA,AAAAAAAAAAAAAAAAAAAAAAA,NNNNNNNNNNNNNNNNNNNNNNN,0.576334084,0.576334084,1,1,0.0,0.0,0
CTGCAGGCCGAGTACACCGAGGG,AAAAAAAAAAAAAAAAAAAAAAA,AAAAAAAAAAAAAAAAAAAAAAA,AAAAAAAAAAAAAAAAAAAAAAA,NNNNNNNNNANNNNNNNNANNNN,AAAAAAAAAAAAAAAAAAAAAAA,AAAAAAAAAAAAAAAAAAAAAAA,AAAAAAAAAAAAAAAAAAAAAAA,NNNNNNNNNANNNNNNNNANNNN,0.34398178700000004,0.34398178700000004,1,1,0.0,0.0,0
CTGCTCGATGTTGGTCGCCATGG,AAAAAAAAAAAAAAAAAAAAAAA,AAAAAAAAAAAAAAAAAAAAAAA,AAAAAAAAAAAAAAAAAAAAAAA,NNNNNNNNNNNNNNNNNNNNNNN,AAAAAAAAAAAAAAAAAAAAAAA,AAAAAAAAAAAAAAAAAAAAAAA,AAAAAAAAAAAAAAAAAAAAAAA,NNNNNNNNNNNNNNNNNNNNNNN,0.62703372,0.62703372,1,1,0.0,0.0,0
CTTGCAGCCGTAGGCGGAGCAGG,AAAAAAAAAAAAAAAAAAAAAAA,AAAAAAAAAAAAAAAAAAAAAAA,AAAAAAAAAAAAAAAAAAAAAAA,NNNNNNNNNANNNNNANNNNNNN,AAAAAAAAAAAAAAAAAAAAAAA,AAAAAAAAAAAAAAAAAAAAAAA,AAAAAAAAAAAAAAAAAAAAAAA,NNNNNNNNNANNNNNANNNNNNN,0.197292092,0.197292092,1,1,0.0,0.0,0
CTTGTTCAGCTCCTCGGCAATGG,AAAAAAAAAAAAAAAAAAAAAAA,AAAAAAAAAAAAAAAAAAAAAAA,AAAAAAAAAAAAAAAAAAAAAAA,NNNNNNNNNNNNNNNNNNNNNNN,AAAAAAAAAAAAAAAAAAAAAAA,AAAAAAAAAAAAAAAAAAAAAAA,AAAAAAAAAAAAAAAAAAAAAAA,NNNNNNNNNNNNNNNNNNNNNNN,0.6564258000000001,0.6564258000000001,1,1,0.0,0.0,0
GACCAGGCGCGCCTCGAACATGG,AAAAAAAAAAAAAAAAAAAAAAA,AAAAAAAAAAAAAAAAAAAAAAA,AAAAAAAAAAAAAAAAAAAAAAA,NNNNNNNNNNNNNNNNNNNNNNN,NNNNNNNNNNNNNNNNNNNNNNN,AAAAAAAAAAAAAAAAAAAAAAA,AAAAAAAAAAAAAAAAAAAAAAA,NNNNNNNNNNNNNNNNNNNNNNN,0.8701880879999999,0.308845957,1,1,0.561342131,0.31510498803562115,0
GACGGAAGTCGGCAAAGCCACGG,AAAAAAAAAAAAAAAAAAAAAAA,AAAAAAAAAAAAAAAAAAAAAAA,AAAAAAAAAAAAAAAAAAAAAAA,NNNNNNNNNNNNNNNNNNNNNNN,AAAAAAAAAAAAAAAAAAAAAAA,AAAAAAAAAAAAAAAAAAAAAAA,AAAAAAAAAAAAAAAAAAAAAAA,NNNNNNNNNNNNNNNNNNNNNNN,0.514699462,0.514699462,1,1,0.0,0.0,0
GAGGCCGACACACTTCACCCGGG,AAAAAAAAAAAAAAAAAAAAAAA,AAAAAAAAAAAAAAAAAAAAAAA,AAAAAAAAAAAAAAAAAAAAAAA,NNNNNNNNNNNNNNNNNNNNNNN,AAAAAAANNNNNNNNNNNNNNNN,AAAAAAAAAAAAAAAAAAAAAAA,AAAAAAAAAAAAAAAAAAAAAAA,NNNNNNNNNNNNNNNNNNNNNNN,0.618578892,0.325675549,1,1,0.29290334300000004,0.08579236834057567,0
GATCCCAGTCGTGGCCGAAGCGG,AAAAAAAAAAAAAAAAAAAAAAA,AAAAAAAAAAAAAAAAAAAAAAA,AAAAAAAAAAAAAAAAAAAAAAA,NNNNNNNNNNNNNNNNNNNNNNN,AAAAAAAAAAAAAAAAAAAAAAA,AAAAAAAAAAAAAAAAAAAAAAA,AAAAAAAAAAAAAAAAAAAAAAA,NNNNNNNNNNNNNNNNNNNNNNN,0.534447299,0.534447299,1,1,0.0,0.0,0
GATCGCGGTGGAGCAGCAGCTGG,AAAAAAAAAAAAAAAAAAAAAAA,AAAAAAAAAAAAAAAAAAAAAAA,AAAAAAAAAAAAAAAAAAAAAAA,NNNNNNNNNNNNNNNNNNNNNNN,NNNNNNNNNNNNNNNNNNNNNNN,AAAAAAAAAAAAAAAAAAAAAAA,AAAAAAAAAAAAAAAAAAAAAAA,NNNNNNNNNNNNNNNNNNNNNNN,0.125195494,0.176355925,0,1,0.051160431000000006,0.0026173897001057615,1
GCACCAGCGGCAGCTGAAGGAGG,AAAAAAAAAAAAAAAAAAAAAAA,AAAAAAAAAAAAAAAAAAAAAAA,AAAAAAAAAAAAAAAAAAAAAAA,NNNNNNNNNNNNNNNNNNNNNNN,NNNNNNNNNNNNNNNNNNNNNNN,AAAAAAAAAAAAAAAAAAAAAAA,AAAAAAAAAAAAAAAAAAAAAAA,NNNNNNNNNNNNNNNNNNNNNNN,0.244806688,0.311229656,1,1,0.06642296800000003,0.004412010677929027,0
GCACCGCAAGACCGGCCAGAAGG,AAAAAAAAAAAAAAAAAAAAAAA,AAAAAAAAAAAAAAAAAAAAAAA,AAAAAAAAAAAAAAAAAAAAAAA,NNNNNANNNNNNAANNNNNNNNN,AAAAAAAAAAAAAAAAAAAAAAA,AAAAAAAAAAAAAAAAAAAAAAA,AAAAAAAAAAAAAAAAAAAAAAA,NNNNNANNNNNNAANNNNNNNNN,0.5603495629999999,0.5603495629999999,1,1,0.0,0.0,0
GCAGCGGGCACAGGAGGAACAGG,AAAAAAAAAAAAAAAAAAAAAAA,AAAAAAAAAAAAAAAAAAAAAAA,AAAAAAAAAAAAAAAAAAAAAAA,NNNNNNNNNNNNNNNNNNNNNNN,AAAAAAAAAAAAAAAAAAAANNN,AAAAAAAAAAAAAAAAAAAAAAA,AAAAAAAAAAAAAAAAAAAAAAA,NNNNNNNNNNNNNNNNNNNNNNN,0.034336467999999995,0.12517952,0,0,0.090843052,0.008252460096674703,0
GCATGTCTCAGGCCACCAAGAGG,AAAAAAAAAAAAAAAAAAAAAAA,AAAAAAAAAAAAAAAAAAAAAAA,AAAAAAAAAAAAAAAAAAAAAAA,NNNNNNNNNNNNNNNNNNNNNNN,NNNNNNNNNNNNNNNNNNNNNNN,AAAAAAAAAAAAAAAAAAAAAAA,AAAAAAAAAAAAAAAAAAAAAAA,NNNNNNNNNNNNNNNNNNNNNNN,0.401003135,0.200322571,1,1,0.200680564,0.0402726887673581,0
GCCGTATTTCTACTGCGACGAGG,AAAAAAAAAAAAAAAAAAAAAAA,AAAAAAAAAAAAAAAAAAAAAAA,AAAAAAAAAAAAAAAAAAAAAAA,NNNNNNNNNNNNNNNNNNNNNNN,AAAAAAAAAAAAAAAAAAAAAAA,AAAAAAAAAAAAAAAAAAAAAAA,AAAAAAAAAAAAAAAAAAAAAAA,NNNNNNNNNNNNNNNNNNNNNNN,0.370816007,0.370816007,1,1,0.0,0.0,0
GCGAAAGCGGCTGCTCAAAGAGG,AAAAAAAAAAAAAAAAAAAAAAA,AAAAAAAAAAAAAAAAAAAAAAA,AAAAAAAAAAAAAAAAAAAAAAA,NNNNNNNNNNNNNNNNNNNNNNN,NNNNNNNNNNNNNNNNNNAAAAA,AAAAAAAAAAAAAAAAAAAAAAA,AAAAAAAAAAAAAAAAAAAAAAA,NNNNNNNNNNNNNNNNNNNNNNN,0.39074408299999996,0.285544264,1,1,0.10519981899999997,0.011067001917632754,0
GCGAGAAGACGGTGATGGCGCGG,AAAAAAAAAAAAAAAAAAAAAAA,AAAAAAAAAAAAAAAAAAAAAAA,AAAAAAAAAAAAAAAAAAAAAAA,NNNNNNNNNNANNNNNNNNANAN,NNNNNNNNNNNNNNNNNNNNNNN,AAAAAAAAAAAAAAAAAAAAAAA,AAAAAAAAAAAAAAAAAAAAAAA,NNNNNNNNNNANNNNNNNNANAN,0.834231975,0.226237054,1,1,0.607994921,0.3696578239617962,0
GCGCCGCCATGAACCTAGAGCGG,AAAAAAAAAAAAAAAAAAAAAAA,AAAAAAAAAAAAAAAAAAAAAAA,AAAAAAAAAAAAAAAAAAAAAAA,NANNAANNNNNNNNNNNNNNAAN,AAAAAAAAAAAAAAAAAAAAAAA,AAAAAAAAAAAAAAAAAAAAAAA,AAAAAAAAAAAAAAAAAAAAAAA,NANNAANNNNNNNNNNNNNNAAN,0.45533781799999995,0.45533781799999995,1,1,0.0,0.0,0
GCGGGAGCTCAAACGCACGCTGG,AAAAAAAAAAAAAAAAAAAAAAA,AAAAAAAAAAAAAAAAAAAAAAA,AAAAAAAAAAAAAAAAAAAAAAA,NNNNNNNNNNNNNNNNNNNNNNN,NNNNNNNNNNNNNNNNNNNNNNN,AAAAAAAAAAAAAAAAAAAAAAA,AAAAAAAAAAAAAAAAAAAAAAA,NNNNNNNNNNNNNNANNNANNNN,0.421350144,0.258716051,1,1,0.16263409299999998,0.026449848205932644,0
GCTATAAAGCCCAACAAGGATGG,NNNNNNNNNNNNNNNNNNNNNNN,AAAAAAAAAAAAAAAAAAAAAAA,AAAAAAAAAAAAAAAAAAAAAAA,NNNNNNNNNNNNNNNNNNNNNNN,NNNNNNAAAAAAAAAAAAAAAAA,AAAAAAAAAAAAAAAAAAAAAAA,NNNNNNNNNNNNNNNNNNNNNNN,NNNNNNNNNNNNNNNNNNNNNNN,0.231364102,0.299841693,1,1,0.06847759100000003,0.004689180469163286,0
GCTGGCATCACTTTGAGGGAGGG,AAAAAAAAAAAAAAAAAAAAAAA,AAAAAAAAAAAAAAAAAAAAAAA,AAAAAAAAAAAAAAAAAAAAAAA,NNNNNNNNNNNNNNNNNNNNNNN,NNNNNNNNNNNNNNNNNNNNNNN,AAAAAAAAAAAAAAAAAAAAAAA,AAAAAAAAAAAAAAAAAAAAAAA,NNNNNNNNNNNNNNNNNNNNNNN,0.346867385,0.272578245,1,1,0.07428913999999998,0.005518876321939596,0
GGAGGAGGAGAACATCCGCGTGG,AAAAAAAAAAAAAAAAAAAAAAA,AAAAAAAAAAAAAAAAAAAAAAA,AAAAAAAAAAAAAAAAAAAAAAA,NNNNNNNNNNNNNNNNNNNNNNN,NNNNNNNNNNNNNNNNNNNNNNN,AAAAAAAAAAAAAAAAAAAAAAA,AAAAAAAAAAAAAAAAAAAAAAA,NNNNNNNNNNNNNNNNNNNNNNN,0.352685475,0.21612570600000003,1,1,0.136559769,0.01864857050933336,0
GGAGTTGATTGAGCCAACACTGG,AAAAAAAAAAAAAAAAAAAAAAA,AAAAAAAAAAAAAAAAAAAAAAA,AAAAAAAAAAAAAAAAAAAAAAA,NNNNNNNNNNNNNNNNNNNNNNN,NNNNNNNNNNNNNNNNNNNNNNN,AAAAAAAAAAAAAAAAAAAAAAA,NNNNNNNNNNNNNNNNNNNNNNN,NNNNNNNNNNNNNNNNNNNNNNN,0.443716915,0.318252226,1,1,0.12546468899999996,0.015741388185866713,0
GGCACGTGTTGCAGGAGAAGCGG,AAAAAAAAAAAAAAAAAAAAAAA,AAAAAAAAAAAAAAAAAAAAAAA,AAAAAAAAAAAAAAAAAAAAAAA,NNNNNNNNNNNNNNNNNNNNNNN,AAAAAAAAAAAAAAAAAAAAAAA,AAAAAAAAAAAAAAAAAAAAAAA,AAAAAAAAAAAAAAAAAAAAAAA,NNNNNNNNNNNNNNNNNNNNNNN,0.231633378,0.231633378,1,1,0.0,0.0,0
GGCGCGGGCATCCCTAGGAACGG,AAAAAAAAAAAAAAAAAAAAAAA,AAAAAAAAAAAAAAAAAAAAAAA,AAAAAAAAAAAAAAAAAAAAAAA,NNNNNNNNNNNNNNNNNNNNNNN,AAAAAAAAAAAAAAAAAAAAAAA,AAAAAAAAAAAAAAAAAAAAAAA,AAAAAAAAAAAAAAAAAAAAAAA,NNNNNNNNNNNNNNNNNNNNNNN,0.26093655,0.26093655,1,1,0.0,0.0,0
GGGATAACGTACCAGACCCAGGG,AAAAAAAAAAAAAAAAAAAAAAA,AAAAAAAAAAAAAAAAAAAAAAA,AAAAAAAAAAAAAAAAAAAAAAA,NNNNNNNNNNNNNNNNNNNNNNN,NNNNNNNNNNNNNNNNNNNNNNN,AAAAAAAAAAAAAAAAAAAAAAA,AAAAAAAAAAAAAAAAAAAAAAA,NNNNNNNNNNNNNNNNNNNNNNN,0.553685567,0.383753543,1,1,0.16993202400000007,0.0288768927807366,0
GGGTTGGAGAGAAGCCACGAAGG,AAAAAAAAAAAAAAAAAAAAAAA,AAAAAAAAAAAAAAAAAAAAAAA,AAAAAAAAAAAAAAAAAAAAAAA,NNNNNNNNNNNNNNNNNNNNNNN,NNNNNNNNNNNNNNNNNNNNNNN,AAAAAAAAAAAAAAAAAAAAAAA,NNNNNNNNNNNNNNNNNNNNNNN,NNNNNNNNNNNNNNNNNNNNNNN,0.702755577,0.39124645799999996,1,1,0.31150911900000006,0.09703793122015619,0
GGTGGTCAGCGCGATGCCCAAGG,AAAAAAAAAAAAAAAAAAAAAAA,AAAAAAAAAAAAAAAAAAAAAAA,AAAAAAAAAAAAAAAAAAAAAAA,NNNNNNNNNNANANNNNNNNNNN,NNNNNNNNNAAAAAAAAAAAAAA,AAAAAAAAAAAAAAAAAAAAAAA,AAAAAAAAAAAAAAAAAAAAAAA,NNNNNNNNNNANANNNNNNNNNN,0.6730690570000001,0.333888339,1,1,0.3391807180000001,0.11504355946299559,0
GGTGTGATCCAGCCAGGCCGAGG,AAAAAAAAAAAAAAAAAAAAAAA,AAAAAAAAAAAAAAAAAAAAAAA,AAAAAAAAAAAAAAAAAAAAAAA,NNNNNNNNNNNNNNNNNNNNNNN,AAAAAAAAAAAAAAAAAAAAAAA,AAAAAAAAAAAAAAAAAAAAAAA,AAAAAAAAAAAAAAAAAAAANNN,NNNNNNNNNNNNNNNNNNNNNNN,0.35124565,0.17671254,1,1,0.17453311000000002,0.030461806486272107,0
TAAAGCCAGAGTGGAGACACAGG,AAAAAAAAAAAAAAAAAAAAAAA,AAAAAAAAAAAAAAAAAAAAAAA,AAAAAAAAAAAAAAAAAAAAAAA,NNNNNNNNNNNNNNNNNNNNNNN,AAAAAAAAAAAAAAAAAAAAAAA,AAAAAAAAAAAAAAAAAAAAAAA,AAAAAAAAAAAAAAAAAAAAAAA,NNNNNNNNNNNNNNNNNNNNNNN,0.355017316,0.355017316,1,1,0.0,0.0,0
TACCTATGCGGCCGTGGCCGTGG,AAAAAAAAAAAAAAAAAAAAAAA,AAAAAAAAAAAAAAAAAAAAAAA,AAAAAAAAAAAAAAAAAAAAAAA,NNNNNNNNANNNANNNNNANNNN,NNNNNNNNNNNNNNNNNNNNNNN,AAAAAAAAAAAAAAAAAAAAAAA,AAAAAAAAAAAAAAAAAAAAAAA,NNNNNNNNANNNANNNNNANNNN,0.146923141,0.236027545,0,1,0.089104404,0.007939594812195215,1
TACGGTGGTGCCGTCCGCCAAGG,AAAAAAAAAAAAAAAAAAAAAAA,AAAAAAAAAAAAAAAAAAAAAAA,AAAAAAAAAAAAAAAAAAAAAAA,NNAANNNNNNNNANNNANNNNNN,NNNNNNNNNNNNNNNNNNNNNNN,AAAAAAAAAAAAAAAAAAAAAAA,AAAAAAAAAAAAAAAAAAAAAAA,NNAANNNNNNNNANNNANNNNNN,0.341595703,0.249840439,1,1,0.09175526399999998,0.00841902847170969,0
TAGCACTCACCTACGAACACTGG,AAAAAAAAAAAAAAAAAAAAAAA,AAAAAAAAAAAAAAAAAAAAAAA,AAAAAAAAAAAAAAAAAAAAAAA,NNNNNNNNNNNNNNNNNNNNNNN,NNNNNNNNNNNNNNNNNNNNNNN,AAAAAAAAAAAAAAAAAAAAAAA,NNNNNNNNNNNNNNNNNNNNNNN,NNNNNNNNNNNNNNNNNNNNNNN,0.28899904600000004,0.162770847,1,1,0.12622819900000004,0.01593355822278361,0
TAGGACTCACATGGGCCACGCGG,AAAAAAAAAAAAAAAAAAAAAAA,AAAAAAAAAAAAAAAAAAAAAAA,AAAAAAAAAAAAAAAAAAAAAAA,NNNNNNNNNNNNNNNNNNNNNNN,NNNNNNNNNNNNNNNNNNNNNNN,AAAAAAAAAAAAAAAAAAAAAAA,NNNNNNNNNNNNNNNNNNNNNNN,NNNNNNNNNNNNNNNNNNNNNNN,0.587356322,0.170950784,1,1,0.416405538,0.17339357207706946,0
TAGGTTGCTCTCCAAAGAGCAGG,AAAAAAAAAAAAAAAAAAAAAAA,AAAAAAAAAAAAAAAAAAAAAAA,AAAAAAAAAAAAAAAAAAAAAAA,NNNNNNNNNNNNNNNNNNNNNNN,NNNNNNNNNNNNNNNNNNNNNNN,AAAAAAAAAAAAAAAAAAAAAAA,NNNNNNNNNNNNNNNNNNNNNNN,NNNNNNNNNNNNNNNNNNNNNNN,0.37480668799999994,0.248508151,1,1,0.12629853699999993,0.015951320448340352,0
TCACCTACGAACACTGGCAATGG,AAAAAAAAAAAAAAAAAAAAAAA,AAAAAAAAAAAAAAAAAAAAAAA,AAAAAAAAAAAAAAAAAAAAAAA,NNNNNNNNNNNNNNNNNNNNNNN,NNNNNNNNNNNNNNNNNNNNNNN,AAAAAAAAAAAAAAAAAAAAAAA,NNNNNNNNNNNNNNNNNNNNNNN,NNNNNNNNNNNNNNNNNNNNNNN,0.39020071799999995,0.25802388800000003,1,1,0.1321768299999999,0.017470714388848875,0
TCACTCACCAAGGGCCGCGCCGG,AAAAAAAAAAAAAAAAAAAAAAA,AAAAAAAAAAAAAAAAAAAAAAA,AAAAAAAAAAAAAAAAAAAAAAA,NNNNNNNNNNNNNNNNNNNNANN,NNNNNNNNNNNNNNNNNNNNNNN,AAAAAAAAAAAAAAAAAAAAAAA,AAAAAAAAAAAAAAAAAAAAAAA,NNNNNNNNNNNNNNNNNNNNANN,0.123638545,0.163929468,0,1,0.04029092299999999,0.0016233584761919284,1
TCAGCATGTCGGGCTCGGCGAGG,AAAAAAAAAAAAAAAAAAAAAAA,AAAAAAAAAAAAAAAAAAAAAAA,AAAAAAAAAAAAAAAAAAAAAAA,NNNNNNNNNNNNNNNNNNNNNNN,AAAAAAAAAAAAAAAAAAAAAAA,AAAAAAAAAAAAAAAAAAAAAAA,AAAAAAAAAAAAAAAAAAAAAAA,NNNNNNNNNNNNNNNNNNNNNNN,0.236619601,0.236619601,1,1,0.0,0.0,0
TCAGCGACAGTATGACGAGATGG,AAAAAAAAAAAAAAAAAAAAAAA,AAAAAAAAAAAAAAAAAAAAAAA,AAAAAAAAAAAAAAAAAAAAAAA,NNNNNNNNNNNNNNNNNNNNNNN,NNNNNNNNNNNNNNNNNNNNNNN,AAAAAAAAAAAAAAAAAAAAAAA,AAAAAAAAAAAAAAAAAAAAAAA,NNNNNNNNNNNNNNNNNNNNNNN,0.169479715,0.193085831,1,1,0.02360611600000001,0.0005572487126054565,0
TCAGGCCAAGAAGTACGCCATGG,AAAAAAAAAAAAAAAAAAAAAAA,AAAAAAAAAAAAAAAAAAAAAAA,AAAAAAAAAAAAAAAANNNNNNN,NNNNNNNNNNNNNNNNNNNNNNN,AAAAAAAAAAAAAAAAAAAAAAA,AAAAAAAAAAAAAAAAAAAAAAA,AAAAAAAAAAAAAAAAAAAAAAA,NNNNNNNNNNNNNNNNNNNNNNN,0.690104493,0.539792829,1,1,0.15031166399999996,0.022593596334448882,0
TCCACAGCGCTGGCAGACACAGG,AAAAAAAAAAAAAAAAAAAAAAA,AAAAAAAAAAAAAAAAAAAAAAA,AAAAAAAAAAAAAAAAAAAAAAA,NNNNNNNANNNNNNNNNNNNNNN,NNNNNNNNNNNNNNNNNNNNNNN,AAAAAAAAAAAAAAAAAAAAAAA,AAAAAAAAAAAAAAAAAAAAAAA,NNNNNNNANNNNNNNNNNNNNNN,0.48207114700000003,0.167503386,1,1,0.31456776100000006,0.09895287626055316,0
TCCACGGATCACACGGCCCATGG,AAAAAAAAAAAAAAAAAAAAAAA,AAAAAAAAAAAAAAAAAAAAAAA,AAAAAAAAAAAAAAAAAAAAAAA,NNNNANNNNNNNNANNNNNNNNN,NNNNNNNNNNNNNNNNNNNNNNN,AAAAAAAAAAAAAAAAAAAAAAA,AAAAAAAAAAAAAAAAAAAAAAA,NNNNANNNNNNNNANNNNNNNNN,0.409393939,0.294787022,1,1,0.11460691699999997,0.013134745424244884,0
TCCGAGGCGTTACCATCAAGAGG,AAAAAAAAAAAAAAAAAAAAAAA,AAAAAAAAAAAAAAAAAAAAAAA,AAAAAAAAAAAAAAAAAAAAAAA,NNNNNNNNNNNNNNNNNNNNNNN,NNNNNNNNNNNNNNNNNNNNNNN,AAAAAAAAAAAAAAAAAAAAAAA,AAAAAAAAAAAAAAAAAAAAAAA,NNNNNNNNNNNNNNNNNNNNNNN,0.37286007,0.248097994,1,1,0.124762076,0.015565575607829776,0
TCTCCACCAGACGTAAGGCCCGG,AAAAAAAAAAAAAAAAAAAAAAA,AAAAAAAAAAAAAAAAAAAAAAA,AAAAAAAAAAAAAAAAAAAAAAA,NNNNNNNNNNNNNNNNNNNNNNN,NNNNNNNNNNNNNNNNNNNNNNN,AAAAAAAAAAAAAAAAAAAAAAA,AAAAAAAAAAAAAAAAAAAAAAA,NNNNNNNNNNNNNNNNNNNNNNN,0.663340739,0.19565636399999997,1,1,0.46768437500000004,0.21872867461914067,0
TCTGCAATACGAGTACAAGGCGG,AAAAAAAAAAAAAAAAAAAAAAA,AAAAAAAAAAAAAAAAAAAAAAA,AAAAAAAAAAAAAAAAAAAAAAA,NNNNNNNNNNNNNNNNNNNNNNN,NNNNNNNNNNNNNNNNNNNNNNN,AAAAAAAAAAAAAAAAAAAAAAA,AAAAAAAAAAAAAAAAAAAAAAA,NNNNNNNNNNNNNNNNNNNNNNN,0.38939393899999997,0.174597555,1,1,0.21479638399999998,0.046137486579475445,0
TGAATCCAGGTCCTAGCCAATGG,AAAAAAAAAAAAAAAAAAAAAAA,AAAAAAAAAAAAAAAAAAAAAAA,AAAAAAAAAAAAAAAAAAAAAAA,NNNNNNNNNNNNNNNNNNNNNNN,AAAAAAAAAAAAAAAAAAAAANN,AAAAAAAAAAAAAAAAAAAAAAA,AAAAAAAAAAAAAAAAAAAAAAA,NNNNNNNNNNNNNNNNNNNNNNN,0.463497479,0.5231163010000001,1,1,0.05961882200000007,0.0035544039366676924,0
TGAGAGCGGTAAGATGGCGGCGG,AAAAAAAAAAAAAAAAAAAAAAA,AAAAAAAAAAAAAAAAAAAAAAA,AAAAAAAAAAAAAAAAAAAAAAA,NNNNNNANNNNNNNNNNANNANN,AAAAAAAAAAAAAAAANNNNNNN,AAAAAAAAAAAAAAAAAAAAAAA,AAAAAAAAAAAAAAAAAAAAAAA,NNNNNNANNNNNNNNNNANNANN,0.22225401,0.255820502,1,1,0.033566492,0.0011267093851860643,0
TGAGCTGCACCAAAGAGACGTGG,AAAAAAAAAAAAAAAAAAAAAAA,AAAAAAAAAAAAAAAAAAAAAAA,AAAAAAAAAAAAAAAAAAAAAAA,NNNNNNNNNNNNNNNNNNNNNNN,NNNNNNNNNNNNNNNNNNNNNNN,AAAAAAAAAAAAAAAAAAAAAAA,AAAAAAAAAAAAAAAAAAAAAAA,NNNNNNNNNNNNNNNNNNNNNNN,0.49117773,0.33503178699999997,1,1,0.156145943,0.02438155551535925,0
TGCCGCCACAACGAACCACGCGG,AAAAAAAAAAAAAAAAAAAAAAA,AAAAAAAAAAAAAAAAAAAAAAA,AAAAAAAAAAAAAAAAAAAAAAA,NNNNNNNNNNNNNNNNNNNNNNN,NNNNNNNNNNNNNNNNNNNNNNN,AAAAAAAAAAAAAAAAAAAAAAA,AAAAAAAAAAAAAAAAAAAAAAA,NNNNNNNNNNNNNNNNNNNNNNN,0.138672936,0.28373348,1,1,0.14506054399999999,0.021042561425575933,0
TGCTGGGATATTAGCTCCAGCGG,AAAAAAAAAAAAAAAAAAAAAAA,AAAAAAAAAAAAAAAAAAAAAAA,AAAAAAAAAAAAAAAAAAAAAAA,NNNNNNNNNNNNNNNNNNNNNNN,NNNNNNNNNNNNNNNNNNNNNNN,AAAAAAAAAAAAAAAAAAAAAAA,AAAAAAAAAAAAAAAAAAAAAAA,NNNNNNNNNNNNNNNNNNNNNNN,0.8443573670000001,0.578602571,1,1,0.26575479600000007,0.07062561159700165,0
TGGATCGCGCGCAGCACCCAGGG,AAAAAAAAAAAAAAAAAAAAAAA,AAAAAAAAAAAAAAAAAAAAAAA,AAAAAAAAAAAAAAAAAAAAAAA,NNNNNNNNNNNNNNNNNNNNNNN,NNNNNNNNNNNNNNNNNNNNNNN,AAAAAAAAAAAAAAAAAAAAAAA,AAAAAAAAAAAAAAAAAAAAAAA,NNNNNNNNNNNNNNNNNNNNNNN,0.311867385,0.303635549,1,1,0.008231835999999992,6.776312393089587e-05,0
TGTCGGCGAAGAGTTCAACCAGG,AAAAAAAAAAAAAAAAAAAAAAA,AAAAAAAAAAAAAAAAAAAAAAA,AAAAAAAAAAAAAAAAAAAAAAA,NNNNNNNNNNNNNNNNNNNNNNN,AAAAAAAAAAAAAAAAAAAAAAA,AAAAAAAAAAAAAAAAAAAAAAA,AAAAAAAAAAAAAAAAAAAAAAA,NNNNNNNNNNNNNNNNNNNNNNN,0.329032767,0.329032767,1,1,0.0,0.0,0
TTAACCTTGCAGAGAGCCACTGG,AAAAAAAAAAAAAAAAAAAAAAA,AAAAAAAAAAAAAAAAAAAAAAA,AAAAAAAAAAAAAAAAAAAAAAA,NNNNNNNNNNNNNNNNNNNNNNN,AAAAAAAAAAAAAAAAAAAAAAA,AAAAAAAAAAAAAAAAAAAAAAA,AAAAAAAAAAAAAAAAAAAAAAA,NNNNNNNNNNNNNNNNNNNNNNN,0.435318758,0.435318758,1,1,0.0,0.0,0
TTACCTCTTCCTAGCCACCCAGG,AAAAAAAAAAAAAAAAAAAAAAA,AAAAAAAAAAAAAAAAAAAAAAA,AAAAAAAAAAAAAAAAAAAAAAA,NNNNNNNNNNNNNNNNNNNNNNN,NNNNNNNNNNNNNNNNNNNNNNN,AAAAAAAAAAAAAAAAAAAAAAA,AAAAAAAAAAAAAAAAAAAAAAA,NNNNNNNNNNNNNNNNNNNNNNN,0.569239381,0.49796683399999997,1,1,0.07127254700000007,0.0050797759558672195,0
TTAGTGGAGGACTACAGAGCCGG,AAAAAAAAAAAAAAAAAAAAAAA,AAAAAAAAAAAAAAAAAAAAAAA,AAAAAAAAAAAAAAAAAAAAAAA,NNNNNNNNNNNNNNNNNNNNNNN,NNNNNNNNNNNNNNNNNNNNNNN,AAAAAAAAAAAAAAAAAAAAAAA,NNNNNNNNNNNNNNNNNNNNNNN,NNNNNNNNNNNNNNNNNNNNNNN,0.42779215,0.172520189,1,1,0.255271961,0.06516377407278552,0
TTCACCTGGAACAAGCGGAGTGG,AAAAAAAAAAAAAAAAAAAAAAA,AAAAAAAAAAAAAAAAAAAAAAA,AAAAAAAAAAAAAAAAAAAAAAA,NNNNNNNNNNNNNNNNANNNNNN,AAAAAAAAAAAAAAAAAAAAAAA,AAAAAAAAAAAAAAAAAAAAAAA,AAAAAAAAAAAAAAAAAAAAAAA,NNNNNNNNNNNNNNNNNNNNNNN,0.390752351,0.285399371,1,1,0.10535297999999998,0.011099250394880397,0
TTCACTGCCAGTTCTCCGCGTGG,AAAAAAAAAAAAAAAAAAAAAAA,AAAAAAAAAAAAAAAAAAAAAAA,AAAAAAAAAAAAAAAAAAAAAAA,NNNNNNNNNNNNNNNNNNNNNNN,NNNNNNNNNNNNNNNNNNNNNNN,AAAAAAAAAAAAAAAAAAAAAAA,AAAAAAAAAAAAAAAAAAAAAAA,NNNNNNNNNNNNNNNNNNNNNNN,0.660992685,0.315927838,1,1,0.34506484699999995,0.11906974863513338,0
TTCGCGCACACCGTAGGCCACGG,AAAAAAAAAAAAAAAAAAAAAAA,AAAAAAAAAAAAAAAAAAAAAAA,AAAAAAAAAAAAAAAAAAAAAAA,NNAAAANNNNNAANNNNNNNAAN,NNNNNNNNNNNNNNNNNNNNNNN,AAAAAAAAAAAAAAAAAAAAAAA,AAAAAAAAAAAAAAAAAAAAAAA,NNAAAANNNNNAANNNNNNNAAN,0.670608242,0.19816859,1,1,0.47243965200000004,0.22319922478188114,0
TTGAAAGCTGCCTGCGGCAAAGG,AAAAAAAAAAAAAAAAAAAAAAA,AAAAAAAAAAAAAAAAAAAAAAA,AAAAAAAAAAAAAAAAAAAAAAA,NNNNNNNNNNNNNNNNNNNNNNN,NNNNNNNNNNNNNNNNNNNNNNN,AAAAAAAAAAAAAAAAAAAAAAA,NNNNNNNNNNNNNNNNNNNNNNN,NNNNNNNNNNNNNNNNNNNNNNN,0.112179149,0.069543762,0,0,0.04263538700000001,0.00181777622463977,0
TTTACAGCCGCAAGCACCAGCGG,AAAAAAAAAAAAAAAAAAAAAAA,AAAAAAAAAAAAAAAAAAAAAAA,AAAAAAAAAAAAAAAAAAAAAAA,NNNNNNNNNNNNNNNNNNNNNNN,NNNNNNNNNNNNNNNNNNNNNNN,AAAAAAAAAAAAAAAAAAAAAAA,AAAAAAAAAAAAAAAAAAAAAAA,NNNNNNNNNNNNNNNNNNNNNNN,0.422614511,0.351817493,1,1,0.07079701800000004,0.00501221775769233,0
