Sequence,CTCF HCT116,DNase HCT116,H3K4me3 HCT116,RRBS HCT116,CTCF HL60,DNase HL60,H3K4me3 HL60,RRBS HL60,Normalized Efficacy HCT116,Normalized Efficacy HL60,Efficacy HCT116,Efficacy HL60,Absolute Error,Squared Error,Misclassification
AACAGTAGGTGCCATCGGGCCGG,AAAAAAAAAAAAAAAAANNAAAA,AAAAAAAAAAAAAAAAAAAAAAA,AAAAAAAAAAAAAAAAAAAAAAA,NNNNNNNNNNNNNNNANNNNANN,NNNNNNNNNNNNNNNNNNNNNNN,AAAAAAAAAAAAAAAAAAAAAAA,AAAAAAAAAAAAAAAAAAAAAAA,NNNNNNNNNNNNNNNANNNNANN,0.15205242900000002,0.062077555,1,0,0.08997487400000001,0.008095477951315877,1
AACATACCACAGGTAAGCCATGG,AAAAAAAAAAAAAAAAAAAAAAA,AAAAAAAAAAAAAAAAAAAAAAA,NNNNAAAAAAAAAAAAAAAAAAA,NNNNNNNNNNNNNNNNNNNNNNN,NNNNNNNNNNNNNNNNNNNNNNN,AAAAAAAAAAAAAAAAAAAAAAA,NNNNNNNNNNNNNNNNNNNNNNN,NNNNNNNNNNNNNNNNNNNNNNN,0.467642816,0.248097994,1,1,0.21954482200000003,0.048199928867011695,0
AACGACCTGGGAGAATCCGCTGG,AAAAAAAAAAAAAAAAAAAAAAA,AAAAAAAAAAAAAAAAAAAAAAA,AAAAAAAAAAAAAAAAAAAAAAA,NNNNNNNNNNNNNNNNNNNNNNN,AAAAAAAAAAAAAAAAAAAAAAA,AAAAAAAAAAAAAAAAAAAAAAA,AAAAAAAAAAAAAAAAAAAAAAA,NNNNNNNNNNNNNNNNNNNNNNN,0.294548546,0.294548546,1,1,0.0,0.0,0
AGCAAATATGGACCTCGCGGCGG,AAAAAAAAAAAAAAAAAAAAAAA,AAAAAAAAAAAAAAAAAAAAAAA,AAAAAAAAAAAAAAAAAAAAAAA,NNNNNNNNNNNNNNNNNNNNNNN,AAAAAAAAAAAAAAAAAAAAAAA,AAAAAAAAAAAAAAAAAAAAAAA,AAAAAAAAAAAAAAAAAAAAAAA,NNNNNNNNNNNNNNNNNNNNNNN,0.27869574199999997,0.27869574199999997,1,1,0.0,0.0,0
AGCAGAAGATGACTCAAGACCGG,AAAAAAAAAAAAAAAAAAAAAAA,AAAAAAAAAAAAAAAAAAAAAAA,AAAAAAAAAAAAAAAAAAAAAAA,NNNNNNNNNNNNNNNNNNNNNNN,AAAAAAAAAAAAAAAAAAAAAAA,AAAAAAAAAAAAAAAAAAAAAAA,AAAAAAAAAAAAAAAAAAAAAAA,NNNNNNNNNNNNNNNNNNNNNNN,0.201976445,0.201976445,1,1,0.0,0.0,0
AGCAGTAGCGCTTCAGGCCCAGG,AAAAAAAAAAAAAAAAAAAAAAA,AAAAAAAAAAAAAAAAAAAAAAA,AAAAAAAAAAAAAAAAAAAAAAA,NNNNNNNNNNNNNNNNNNNNNNN,AAAAAAAAAAAAAAAAAAAAAAA,AAAAAAAAAAAAAAAAAAAAAAA,AAAAAAAAAAAAAAAAAAAAAAA,NNNNNNNNNNNNNNNNNNNNNNN,0.12744333,0.12744333,0,0,0.0,0.0,0
AGCTCTACGCTTCGCCGCCGCGG,AAAAAAAAAAAAAAAAAAAAAAA,AAAAAAAAAAAAAAAAAAAAAAA,AAAAAAAAAAAAAAAAAAAAAAA,NNNNNNNNNNNNNNNNNNNNNNN,AAAAAAAAAAAAAAAAAAAAAAA,AAAAAAAAAAAAAAAAAAAAAAA,AAAAAAAAAAAAAAAAAAAAAAA,NNNNNNNNNNNNNNNNNNNNNNN,0.479023948,0.479023948,1,1,0.0,0.0,0
AGGCTGTCACCGATCTGGGCTGG,AAAAAAAAAAAAAAAAAAAAAAA,AAAAAAAAAAAAAAAAAAAAAAA,AAAAAAAAAAAAAAAAAAAAAAA,NNNNNNNNNNNNNNNNNNNNNNN,NNNNNNNNNNNNNNNNNNNNNNN,AAAAAAAAAAAAAAAAAAAAAAA,AAAAAAAAAAAAAAAAAAAAAAA,NNNNNNNNNNNNNNNNNNNNNNN,0.489469266,0.154368464,1,1,0.33510080200000003,0.11229254750104323,0
AGTCCTGAGTCCGGATGAACTGG,AAAAAAAAAAAAAAAAAAAAAAA,AAAAAAAAAAAAAAAAAAAAAAA,AAAAAAAAAAAAAAAAAAAAAAA,NNNNNNNNNNNANNNNNNNNNNN,NNNNNNNNNNNNNNNNNNNNNNN,AAAAAAAAAAAAAAAAAAAAAAA,AAAAAAAAAAAAAAAAAAAAAAA,NNNNNNNNNNNANNNNNNNNNNN,0.7148454409999999,0.406369593,1,1,0.30847584799999994,0.09515734879931907,0
ATCAGCCCGTTCCCGCAGCCGGG,AAAAAAAAAAAAAAAAAAAAAAA,AAAAAAAAAAAAAAAAAAAAAAA,AAAAAAAAAAAAAAAAAAAAAAA,NNNNNNNNANNNNNANNNNAANN,AAAAAAAAAAAAAAAAAAAAAAA,AAAAAAAAAAAAAAAAAAAAAAA,AAAAAAAAAAAAAAAAAAAAAAA,NNNNNNNNANNNNNANNNNAANN,0.387571541,0.387571541,1,1,0.0,0.0,0
ATCTCTTCTGCAGATTGAGGTGG,AAAAAAAAAAAAAAAAAAAAAAA,AAAAAAAAAAAAAAAAAAAAAAA,AAAAAAAAAAAAAAAAAAAAAAA,NNNNNNNNNNNNNNNNNNNNNNN,NNNNNNNNNNNNNNNNNNNNNNN,AAAAAAAAAAAAAAAAAAAAAAA,AAAAAAAAAAAAAAAAAAAAAAA,NNNNNNNNNNNNNNNNNNNNNNN,0.34921848200000005,0.408047211,1,1,0.05882872899999997,0.0034608193557554372,0
CAGATCCCACATCAATAACCCGG,AAAAAAAAAAAAAAAAAAAAAAA,AAAAAAAAAAAAAAAAAAAAAAA,NNNNNNNNNNNNNNNNNNNNNNN,NNNNNNNNNNNNNNNNNNNNNNN,AAAAAAAAAAAAAAAAAAAAAAA,AAAAAAAAAAAAAAAAAAAAAAA,NNNNNNNNNNNNNNNNNNNNNNN,NNNNNNNNNNNNNNNNNNNNNNN,0.312516152,0.312516152,1,1,0.0,0.0,0
CATCATCGAGAACACCGACCTGG,AAAAAAAAAAAAAAAAAAAAAAA,AAAAAAAAAAAAAAAAAAAAAAA,AAAAAAAAAAAAAAAAAAAAAAA,NNNNNNNNNNNNNNNNNNNNNNN,AAAAAAAAAAAAAAAAAAAAAAA,AAAAAAAAAAAAAAAAAAAAAAA,AAAAAAAAAAAAAAAAAAAAAAA,NNNNNNNNNNNNNNNNNNNNNNN,0.49179113700000004,0.49179113700000004,1,1,0.0,0.0,0
CCCAAATTCAAGGCGGCCCGTGG,AAAAAAAAAAAAAAAAAAAAAAA,AAAAAAAAAAAAAAAAAAAAAAA,AAAAAAAAAAAAAAAAAAAAAAA,NNNNNNNNNNNNNNNNNNNNNNN,AAAAAAAAAAAAAAAAAAAAAAA,AAAAAAAAAAAAAAAAAAAAAAA,AAAAAAAAAAAAAAAAAAAAAAA,NNNNNNNNNNNNNNNNNNNNNNN,0.143179573,0.143179573,0,0,0.0,0.0,0
CCGCTGTACTCCGGGTGAAGCGG,AAAAAAAAAAAAAAAAAAAAAAA,AAAAAAAAAAAAAAAAAAAAAAA,AAAAAAAAAAAAAAAAAAAAAAA,NNNNNNNNNNNNNNNNNNNNNNN,AAAAAAAAAAAAAAAAAAAAAAA,AAAAAAAAAAAAAAAAAAAAAAA,AAAAAAAAAAAAAAAAAAAAAAA,NNNNNNNNNNNNNNNNNNNNNNN,0.323537385,0.323537385,1,1,0.0,0.0,0
CCGTGGCTATCTGGTGACCCAGG,AAAAAAAAAAAAAAAAAAAAAAA,AAAAAAAAAAAAAAAAAAAAAAA,AAAAAAAAAAAAAAAAAAAAAAA,NNNNNNNNNNNNNNNNNNNNNNN,NNNNNNNNNNNNNNNNNNNNNNN,AAAAAAAAAAAAAAAAAAAAAAA,AAAAAAAAAAAAAAAAAAAAAAA,NNNNNNNNNNNNNNNNNNNNNNN,0.39255704,0.332106521,1,1,0.060450519000000036,0.0036542652473693653,0
CCTGTCCCAGGATGACCGAGTGG,AAAAAAAAAAAAAAAAAAAAAAA,AAAAAAAAAAAAAAAAAAAAAAA,AAAAAAAAAAAAAAAAAAAAAAA,NNNNNNNNNNNNNNNNNNNNNNN,AAAAAAAAAAAAAAAAAAAAAAA,AAAAAAAAAAAAAAAAAAAAAAA,AAAAAAAAAAAAAAAAAAAAAAA,NNNNNNNNNNNNNNNNNNNNNNN,0.356270009,0.356270009,1,1,0.0,0.0,0
CCTTCCCTAGGTCCTCGCAAGGG,AAAAAAAAAAAAAAAAAAAAAAA,AAAAAAAAAAAAAAAAAAAAAAA,AAAAAAAAAAAAAAAAAAAAAAA,NNNNNNNNNNNNNNNAANNNNNN,NNNNNNNNNNNNNNNNNNNNNNN,AAAAAAAAAAAAAAAAAAAAAAA,AAAAAAAAAAAAAAAAAAAAAAA,NNNNNNNNNNNNNNNNANNNNNN,0.817945846,0.27865185,1,1,0.539293996,0.29083801412164806,0
CGCGGAACACCTTAGCGACGCGG,AAAAAAAAAAAAAAAAAAAAAAA,AAAAAAAAAAAAAAAAAAAAAAA,AAAAAAAAAAAAAAAAAAAAAAA,NNNNNNNNNNNNNNNNNNNNNNN,AAAAAAAAAAAAAAAAAAAAAAA,AAAAAAAAAAAAAAAAAAAAAAA,AAAAAAAAAAAAAAAAAAAAAAA,NNNNNNNNNNNNNNNNNNNNNNN,0.25975859100000004,0.25975859100000004,1,1,0.0,0.0,0
CGGCACATCGTAGAGACGCACGG,AAAAAAAAAAAAAAAAAAAAAAA,AAAAAAAAAAAAAAAAAAAAAAA,AAAAAAAAAAAAAAAAAAAAAAA,NNNNNNNNNNNNNNNNNNNNNNN,NNNNNNNNNNNNNNNNNNNNNNN,AAAAAAAAAAAAAAAAAAAAAAA,AAAAAAAAAAAAAAAAAAAAAAA,ANNNNNNNANNNNNNNANNNANN,0.77281523,0.42767366799999995,1,1,0.345141562,0.11912269781979985,0
CGGCGGCATTAGCGAGGAGGAGG,AAAAAAAAAAAAAAAAAAAAAAA,AAAAAAAAAAAAAAAAAAAAAAA,AAAAAAAAAAAAAAAAAAAAAAA,NNNNANNNNNNNNANNNNNNNNN,AAAAAAAAAAAAAAAAAAAAAAA,AAAAAAAAAAAAAAAAAAAAAAA,AAAAAAAAAAAAAAAAAAAAAAA,NNNNANNNNNNNNANNNNNNNNN,0.24844631,0.24844631,1,1,0.0,0.0,0
CGTACAACGGGAACGGAGCCCGG,AAAAAAAAAAAAAAAAAAAAAAA,AAAAAAAAAAAAAAAAAAAAAAA,AAAAAAAAAAAAAAAAAAAAAAA,NANNNNNNANNNNNANNNNNNAN,AAAAAAAAAAAAAAAAAAAAAAA,AAAAAAAAAAAAAAAAAAAAAAA,AAAAAAAAAAAAAAAAAAAAAAA,NNNNNNNNNNNNNNNNNNNNNNN,0.105751489,0.066302414,0,0,0.039449075,0.001556229518355625,0
CTACATACCTTCTGGCGGCCAGG,AAAAAAAAAAAAAAAAAAAAAAA,AAAAAAAAAAAAAAAAAAAAAAA,AAAAAAAAAAAAAAAAAAAAAAA,NNNNNNNNNNNNNNNNNNNNNNN,NNNNNNNNNNNNNNNNNNNNNNN,AAAAAAAAAAAAAAAAAAAAAAA,AAAAAAAAAAAAAAAAAAAAAAA,NNNNNNNNNNNNNNNNNNNNNNN,0.18859396,0.31794278,0,1,0.12934881999999998,0.016731117235392393,1
CTGAACCAGCCACCCGAGGATGG,AAAAAAAAAAAAAAAAAAAAAAA,AAAAAAAAAAAAAAAAAAAAAAA,AAAAAAAAAAAAAAAAAAAAAAA,NNNNNNNNNNNNNNANNNNNNNN,NNNNNNNNNNNNNNNNNNNNNNN,AAAAAAAAAAAAAAAAAAAAAAA,AAAAAAAAAAAAAAAAAAAAAAA,NNNNNNNNNNNNNNANNNNNNNN,0.10872457699999999,0.060628025999999995,0,0,0.048096550999999994,0.0023132782180956004,0
CTGCAAGAACCGCTACGACAAGG,AAAAAAAAAAAAAAAAAAAAAAA,AAAAAAAAAAAAAAAAAAAAAAA,AAAAAAAAAAAAAAAAAAAAAAA,NNNNNNNNNNNNNNNNNNNNNNN,AAAAAAAAAAAAAAAAAAAAAAA,AAAAAAAAAAAAAAAAAAAAAAA,AAAAAAAAAAAAAAAAAAAAAAA,NNNNNNNNNNNNNNNNNNNNNNN,0.576334084,0.576334084,1,1,0.0,0.0,0
CTGCAGGCCGAGTACACCGAGGG,AAAAAAAAAAAAAAAAAAAAAAA,AAAAAAAAAAAAAAAAAAAAAAA,AAAAAAAAAAAAAAAAAAAAAAA,NNNNNNNNNNNNNNNNNNNNNNN,AAAAAAAAAAAAAAAAAAAAAAA,AAAAAAAAAAAAAAAAAAAAAAA,AAAAAAAAAAAAAAAAAAAAAAA,NNNNNNNNNANNNNNNNNANNNN,0.945897779,0.34398178700000004,1,1,0.601915992,0.36230286142534407,0
CTTGCAGCCGTAGGCGGAGCAGG,AAAAAAAAAAAAAAAAAAAAAAA,AAAAAAAAAAAAAAAAAAAAAAA,AAAAAAAAAAAAAAAAAAAAAAA,NNNNNNNNNANNNNNANNNNNNN,AAAAAAAAAAAAAAAAAAAAAAA,AAAAAAAAAAAAAAAAAAAAAAA,AAAAAAAAAAAAAAAAAAAAAAA,NNNNNNNNNANNNNNANNNNNNN,0.197292092,0.197292092,1,1,0.0,0.0,0
GACGGAAGTCGGCAAAGCCACGG,AAAAAAAAAAAAAAAAAAAAAAA,AAAAAAAAAAAAAAAAAAAAAAA,AAAAAAAAAAAAAAAAAAAAAAA,NNNNNNNNNNNNNNNNNNNNNNN,AAAAAAAAAAAAAAAAAAAAAAA,AAAAAAAAAAAAAAAAAAAAAAA,AAAAAAAAAAAAAAAAAAAAAAA,NNNNNNNNNNNNNNNNNNNNNNN,0.514699462,0.514699462,1,1,0.0,0.0,0
GATCCCAGTCGTGGCCGAAGCGG,AAAAAAAAAAAAAAAAAAAAAAA,AAAAAAAAAAAAAAAAAAAAAAA,AAAAAAAAAAAAAAAAAAAAAAA,NNNNNNNNNNNNNNNNNNNNNNN,AAAAAAAAAAAAAAAAAAAAAAA,AAAAAAAAAAAAAAAAAAAAAAA,AAAAAAAAAAAAAAAAAAAAAAA,NNNNNNNNNNNNNNNNNNNNNNN,0.534447299,0.534447299,1,1,0.0,0.0,0
GATCGCGGTGGAGCAGCAGCTGG,AAAAAAAAAAAAAAAAAAAAAAA,AAAAAAAAAAAAAAAAAAAAAAA,AAAAAAAAAAAAAAAAAAAAAAA,NNNNNNNNNNNNNNNNNNNNNNN,NNNNNNNNNNNNNNNNNNNNNNN,AAAAAAAAAAAAAAAAAAAAAAA,AAAAAAAAAAAAAAAAAAAAAAA,NNNNNNNNNNNNNNNNNNNNNNN,0.125195494,0.176355925,0,1,0.051160431000000006,0.0026173897001057615,1
GCACCGCAAGACCGGCCAGAAGG,AAAAAAAAAAAAAAAAAAAAAAA,AAAAAAAAAAAAAAAAAAAAAAA,AAAAAAAAAAAAAAAAAAAAAAA,NNNNNANNNNNNAANNNNNNNNN,AAAAAAAAAAAAAAAAAAAAAAA,AAAAAAAAAAAAAAAAAAAAAAA,AAAAAAAAAAAAAAAAAAAAAAA,NNNNNANNNNNNAANNNNNNNNN,0.5603495629999999,0.5603495629999999,1,1,0.0,0.0,0
GCCGTATTTCTACTGCGACGAGG,AAAAAAAAAAAAAAAAAAAAAAA,AAAAAAAAAAAAAAAAAAAAAAA,AAAAAAAAAAAAAAAAAAAAAAA,NNNNNNNNNNNNNNNNNNNNNNN,AAAAAAAAAAAAAAAAAAAAAAA,AAAAAAAAAAAAAAAAAAAAAAA,AAAAAAAAAAAAAAAAAAAAAAA,NNNNNNNNNNNNNNNNNNNNNNN,0.370816007,0.370816007,1,1,0.0,0.0,0
GCGAAAGCGGCTGCTCAAAGAGG,AAAAAAAAAAAAAAAAAAAAAAA,AAAAAAAAAAAAAAAAAAAAAAA,AAAAAAAAAAAAAAAAAAAAAAA,NNNNNNNNNNNNNNNNNNNNNNN,NNNNNNNNNNNNNNNNNNAAAAA,AAAAAAAAAAAAAAAAAAAAAAA,AAAAAAAAAAAAAAAAAAAAAAA,NNNNNNNNNNNNNNNNNNNNNNN,0.39074408299999996,0.285544264,1,1,0.10519981899999997,0.011067001917632754,0
GCGCCGCCATGAACCTAGAGCGG,AAAAAAAAAAAAAAAAAAAAAAA,AAAAAAAAAAAAAAAAAAAAAAA,AAAAAAAAAAAAAAAAAAAAAAA,NANNAANNNNNNNNNNNNNNAAN,AAAAAAAAAAAAAAAAAAAAAAA,AAAAAAAAAAAAAAAAAAAAAAA,AAAAAAAAAAAAAAAAAAAAAAA,NANNAANNNNNNNNNNNNNNAAN,0.45533781799999995,0.45533781799999995,1,1,0.0,0.0,0
GCGGGAGCTCAAACGCACGCTGG,AAAAAAAAAAAAAAAAAAAAAAA,AAAAAAAAAAAAAAAAAAAAAAA,AAAAAAAAAAAAAAAAAAAAAAA,NNNNNNNNNNNNNNNNNNNNNNN,NNNNNNNNNNNNNNNNNNNNNNN,AAAAAAAAAAAAAAAAAAAAAAA,AAAAAAAAAAAAAAAAAAAAAAA,NNNNNNNNNNNNNNANNNANNNN,0.421350144,0.258716051,1,1,0.16263409299999998,0.026449848205932644,0
GCTATAAAGCCCAACAAGGATGG,AAAAAAAAAAAAAAAAAAAAAAA,AAAAAAAAAAAAAAAAAAAAAAA,AAAAAAAAAAAAAAAAAAAAAAA,NNNNNNNNNNNNNNNNNNNNNNN,NNNNNNAAAAAAAAAAAAAAAAA,AAAAAAAAAAAAAAAAAAAAAAA,NNNNNNNNNNNNNNNNNNNNNNN,NNNNNNNNNNNNNNNNNNNNNNN,0.556336651,0.299841693,1,1,0.25649495799999994,0.06578966347942174,0
GCTGGCATCACTTTGAGGGAGGG,AAAAAAAAAAAAAAAAAAAAAAA,AAAAAAAAAAAAAAAAAAAAAAA,AAAAAAAAAAAAAAAAAAAAAAA,NNNNNNNNNNNNNNNNNNNNNNN,NNNNNNNNNNNNNNNNNNNNNNN,AAAAAAAAAAAAAAAAAAAAAAA,AAAAAAAAAAAAAAAAAAAAAAA,NNNNNNNNNNNNNNNNNNNNNNN,0.346867385,0.272578245,1,1,0.07428913999999998,0.005518876321939596,0
GGAGTTGATTGAGCCAACACTGG,AAAAAAAAAAAAAAAAAAAAAAA,AAAAAAAAAAAAAAAAAAAAAAA,AAAAAAAAAAAAAAAAAAAAAAA,NNNNNNNNNNNNNNNNNNNNNNN,NNNNNNNNNNNNNNNNNNNNNNN,AAAAAAAAAAAAAAAAAAAAAAA,NNNNNNNNNNNNNNNNNNNNNNN,NNNNNNNNNNNNNNNNNNNNNNN,0.443716915,0.318252226,1,1,0.12546468899999996,0.015741388185866713,0
GGCGCGGGCATCCCTAGGAACGG,AAAAAAAAAAAAAAAAAAAAAAA,AAAAAAAAAAAAAAAAAAAAAAA,AAAAAAAAAAAAAAAAAAAAAAA,NNNNNNNNNNNNNNNNNNNNNNN,AAAAAAAAAAAAAAAAAAAAAAA,AAAAAAAAAAAAAAAAAAAAAAA,AAAAAAAAAAAAAAAAAAAAAAA,NNNNNNNNNNNNNNNNNNNNNNN,0.26093655,0.26093655,1,1,0.0,0.0,0
GGGATAACGTACCAGACCCAGGG,AAAAAAAAAAAAAAAAAAAAAAA,AAAAAAAAAAAAAAAAAAAAAAA,AAAAAAAAAAAAAAAAAAAAAAA,NNNNNNNNNNNNNNNNNNNNNNN,NNNNNNNNNNNNNNNNNNNNNNN,AAAAAAAAAAAAAAAAAAAAAAA,AAAAAAAAAAAAAAAAAAAAAAA,NNNNNNNNNNNNNNNNNNNNNNN,0.553685567,0.383753543,1,1,0.16993202400000007,0.0288768927807366,0
GGGTTGGAGAGAAGCCACGAAGG,AAAAAAAAAAAAAAAAAAAAAAA,AAAAAAAAAAAAAAAAAAAAAAA,AAAAAAAAAAAAAAAAAAAAAAA,NNNNNNNNNNNNNNNNNNNNNNN,NNNNNNNNNNNNNNNNNNNNNNN,AAAAAAAAAAAAAAAAAAAAAAA,NNNNNNNNNNNNNNNNNNNNNNN,NNNNNNNNNNNNNNNNNNNNNNN,0.702755577,0.39124645799999996,1,1,0.31150911900000006,0.09703793122015619,0
GGTGGTCAGCGCGATGCCCAAGG,AAAAAAAAAAAAAAAAAAAAAAA,AAAAAAAAAAAAAAAAAAAAAAA,AAAAAAAAAAAAAAAAAAAAAAA,NNNNNNNNNNANANNNNNNNNNN,NNNNNNNNNAAAAAAAAAAAAAA,AAAAAAAAAAAAAAAAAAAAAAA,AAAAAAAAAAAAAAAAAAAAAAA,NNNNNNNNNNANANNNNNNNNNN,0.6730690570000001,0.333888339,1,1,0.3391807180000001,0.11504355946299559,0
GGTGTGATCCAGCCAGGCCGAGG,AAAAAAAAAAAAAAAAAAAAAAA,AAAAAAAAAAAAAAAAAAAAAAA,AAAAAAAAAAAAAAAAAAAAAAA,NNNNNNNNNNNNNNNNNNNNNNN,AAAAAAAAAAAAAAAAAAAAAAA,AAAAAAAAAAAAAAAAAAAAAAA,AAAAAAAAAAAAAAAAAAAANNN,NNNNNNNNNNNNNNNNNNNNNNN,0.35124565,0.17671254,1,1,0.17453311000000002,0.030461806486272107,0
TAAAGCCAGAGTGGAGACACAGG,AAAAAAAAAAAAAAAAAAAAAAA,AAAAAAAAAAAAAAAAAAAAAAA,AAAAAAAAAAAAAAAAAAAAAAA,NNNNNNNNNNNNNNNNNNNNNNN,AAAAAAAAAAAAAAAAAAAAAAA,AAAAAAAAAAAAAAAAAAAAAAA,AAAAAAAAAAAAAAAAAAAAAAA,NNNNNNNNNNNNNNNNNNNNNNN,0.355017316,0.355017316,1,1,0.0,0.0,0
TACGGTGGTGCCGTCCGCCAAGG,AAAAAAAAAAAAAAAAAAAAAAA,AAAAAAAAAAAAAAAAAAAAAAA,AAAAAAAAAAAAAAAAAAAAAAA,NNAANNNNNNNNANNNANNNNNN,NNNNNNNNNNNNNNNNNNNNNNN,AAAAAAAAAAAAAAAAAAAAAAA,AAAAAAAAAAAAAAAAAAAAAAA,NNAANNNNNNNNANNNANNNNNN,0.341595703,0.249840439,1,1,0.09175526399999998,0.00841902847170969,0
TAGCACTCACCTACGAACACTGG,AAAAAAAAAAAAAAAAAAAAAAA,AAAAAAAAAAAAAAAAAAAAAAA,AAAAAAAAAAAAAAAAAAAAAAA,NNNNNNNNNNNNNNNNNNNNNNN,NNNNNNNNNNNNNNNNNNNNNNN,AAAAAAAAAAAAAAAAAAAAAAA,NNNNNNNNNNNNNNNNNNNNNNN,NNNNNNNNNNNNNNNNNNNNNNN,0.28899904600000004,0.162770847,1,1,0.12622819900000004,0.01593355822278361,0
TAGGTTGCTCTCCAAAGAGCAGG,NNNNNNAAAAAAAAAAAAAAAAA,AAAAAAAAAAAAAAAAAAAAAAA,AAAAAAAAAAAAAAAAAAAAAAA,NNNNNNNNNNNNNNNNNNNNNNN,NNNNNNNNNNNNNNNNNNNNNNN,AAAAAAAAAAAAAAAAAAAAAAA,NNNNNNNNNNNNNNNNNNNNNNN,NNNNNNNNNNNNNNNNNNNNNNN,0.34462296200000003,0.248508151,1,1,0.09611481100000002,0.009238056893565725,0
TCACCTACGAACACTGGCAATGG,AAAAAAAAAAAAAAAAAAAAAAA,AAAAAAAAAAAAAAAAAAAAAAA,AAAAAAAAAAAAAAAAAAAAAAA,NNNNNNNNNNNNNNNNNNNNNNN,NNNNNNNNNNNNNNNNNNNNNNN,AAAAAAAAAAAAAAAAAAAAAAA,NNNNNNNNNNNNNNNNNNNNNNN,NNNNNNNNNNNNNNNNNNNNNNN,0.39020071799999995,0.25802388800000003,1,1,0.1321768299999999,0.017470714388848875,0
TCACTCACCAAGGGCCGCGCCGG,AAAAAAAAAAAAAAAAAAAAAAA,AAAAAAAAAAAAAAAAAAAAAAA,AAAAAAAAAAAAAAAAAAAAAAA,NNNNNNNNNNNNNNNNNNNNANN,NNNNNNNNNNNNNNNNNNNNNNN,AAAAAAAAAAAAAAAAAAAAAAA,AAAAAAAAAAAAAAAAAAAAAAA,NNNNNNNNNNNNNNNNNNNNANN,0.123638545,0.163929468,0,1,0.04029092299999999,0.0016233584761919284,1
TCAGCATGTCGGGCTCGGCGAGG,AAAAAAAAAAAAAAAAAAAAAAA,AAAAAAAAAAAAAAAAAAAAAAA,AAAAAAAAAAAAAAAAAAAAAAA,NNNNNNNNNNNNNNNNNNNNNNN,AAAAAAAAAAAAAAAAAAAAAAA,AAAAAAAAAAAAAAAAAAAAAAA,AAAAAAAAAAAAAAAAAAAAAAA,NNNNNNNNNNNNNNNNNNNNNNN,0.236619601,0.236619601,1,1,0.0,0.0,0
TCAGCGACAGTATGACGAGATGG,AAAAAAAAAAAAAAAAAAAAAAA,AAAAAAAAAAAAAAAAAAAAAAA,AAAAAAAAAAAAAAAAAAAAAAA,NNNNNNNNNNNNNNNNNNNNNNN,NNNNNNNNNNNNNNNNNNNNNNN,AAAAAAAAAAAAAAAAAAAAAAA,AAAAAAAAAAAAAAAAAAAAAAA,NNNNNNNNNNNNNNNNNNNNNNN,0.169479715,0.193085831,1,1,0.02360611600000001,0.0005572487126054565,0
TCAGGCCAAGAAGTACGCCATGG,AAAAAAAAAAAAAAAAAAAAAAA,AAAAAAAAAAAAAAAAAAAAAAA,AAAAAAAAAAAAAAAAAAAAAAA,NNNNNNNNNNNNNNNNNNNNNNN,AAAAAAAAAAAAAAAAAAAAAAA,AAAAAAAAAAAAAAAAAAAAAAA,AAAAAAAAAAAAAAAAAAAAAAA,NNNNNNNNNNNNNNNNNNNNNNN,0.539792829,0.539792829,1,1,0.0,0.0,0
TCCACAGCGCTGGCAGACACAGG,AAAAAAAAAAAAAAAAAAAAAAA,AAAAAAAAAAAAAAAAAAAAAAA,AAAAAAAAAAAAAAAAAAAAAAA,NNNNNNNANNNNNNNNNNNNNNN,NNNNNNNNNNNNNNNNNNNNNNN,AAAAAAAAAAAAAAAAAAAAAAA,AAAAAAAAAAAAAAAAAAAAAAA,NNNNNNNANNNNNNNNNNNNNNN,0.48207114700000003,0.167503386,1,1,0.31456776100000006,0.09895287626055316,0
TCCGAGGCGTTACCATCAAGAGG,AAAAAAAAAAAAAAAAAAAAAAA,AAAAAAAAAAAAAAAAAAAAAAA,AAAAAAAAAAAAAAAAAAAAAAA,NNNNNNNNNNNNNNNNNNNNNNN,NNNNNNNNNNNNNNNNNNNNNNN,AAAAAAAAAAAAAAAAAAAAAAA,AAAAAAAAAAAAAAAAAAAAAAA,NNNNNNNNNNNNNNNNNNNNNNN,0.37286007,0.248097994,1,1,0.124762076,0.015565575607829776,0
TCTCCACCAGACGTAAGGCCCGG,AAAAAAAAAAAAAAAAAAAAAAA,AAAAAAAAAAAAAAAAAAAAAAA,AAAAAAAAAAAAAAAAAAAAAAA,NNNNNNNNNNNNNNNNNNNNNNN,NNNNNNNNNNNNNNNNNNNNNNN,AAAAAAAAAAAAAAAAAAAAAAA,AAAAAAAAAAAAAAAAAAAAAAA,NNNNNNNNNNNNNNNNNNNNNNN,0.663340739,0.19565636399999997,1,1,0.46768437500000004,0.21872867461914067,0
TCTGCAATACGAGTACAAGGCGG,AAAAAAAAAAAAAAAAAAAAAAN,AAAAAAAAAAAAAAAAAAAAAAA,AAAAAAAAAAAAAAAAAAAAAAA,NNNNNNNNNNNNNNNNNNNNNNN,NNNNNNNNNNNNNNNNNNNNNNN,AAAAAAAAAAAAAAAAAAAAAAA,AAAAAAAAAAAAAAAAAAAAAAA,NNNNNNNNNNNNNNNNNNNNNNN,0.38382881399999996,0.174597555,1,1,0.20923125899999998,0.04377771974272507,0
TGAATCCAGGTCCTAGCCAATGG,AAAAAAAAAAAAAAAAAAAAAAA,AAAAAAAAAAAAAAAAAAAAAAA,AAAAAAAAAAAAAAAAAAAAAAA,NNNNNNNNNNNNNNNNNNNNNNN,AAAAAAAAAAAAAAAAAAAAANN,AAAAAAAAAAAAAAAAAAAAAAA,AAAAAAAAAAAAAAAAAAAAAAA,NNNNNNNNNNNNNNNNNNNNNNN,0.463497479,0.5231163010000001,1,1,0.05961882200000007,0.0035544039366676924,0
TGAGAGCGGTAAGATGGCGGCGG,AAAAAAAAAAAAAAAAAAAAAAA,AAAAAAAAAAAAAAAAAAAAAAA,AAAAAAAAAAAAAAAAAAAAAAA,NNNNNNANNNNNNNNNNANNANN,AAAAAAAAAAAAAAAANNNNNNN,AAAAAAAAAAAAAAAAAAAAAAA,AAAAAAAAAAAAAAAAAAAAAAA,NNNNNNANNNNNNNNNNANNANN,0.22225401,0.255820502,1,1,0.033566492,0.0011267093851860643,0
TGAGCTGCACCAAAGAGACGTGG,AAAAAAAAAAAAAAAAAAAAAAA,AAAAAAAAAAAAAAAAAAAAAAA,AAAAAAAAAAAAAAAAAAAAAAA,NNNNNNNNNNNNNNNNNNNNNNN,NNNNNNNNNNNNNNNNNNNNNNN,AAAAAAAAAAAAAAAAAAAAAAA,AAAAAAAAAAAAAAAAAAAAAAA,NNNNNNNNNNNNNNNNNNNNNNN,0.49117773,0.33503178699999997,1,1,0.156145943,0.02438155551535925,0
TGGATCGCGCGCAGCACCCAGGG,AAAAAAAAAAAAAAAAAAAAAAA,AAAAAAAAAAAAAAAAAAAAAAA,AAAAAAAAAAAAAAAAAAAAAAA,NNNNNNNNNNNNNNNNNNNNNNN,NNNNNNNNNNNNNNNNNNNNNNN,AAAAAAAAAAAAAAAAAAAAAAA,AAAAAAAAAAAAAAAAAAAAAAA,NNNNNNNNNNNNNNNNNNNNNNN,0.311867385,0.303635549,1,1,0.008231835999999992,6.776312393089587e-05,0
TGTCGGCGAAGAGTTCAACCAGG,AAAAAAAAAAAAAAAAAAAAAAA,AAAAAAAAAAAAAAAAAAAAAAA,AAAAAAAAAAAAAAAAAAAAAAA,NNNNNNNNNNNNNNNNNNNNNNN,AAAAAAAAAAAAAAAAAAAAAAA,AAAAAAAAAAAAAAAAAAAAAAA,AAAAAAAAAAAAAAAAAAAAAAA,NNNNNNNNNNNNNNNNNNNNNNN,0.329032767,0.329032767,1,1,0.0,0.0,0
TTAACCTTGCAGAGAGCCACTGG,AAAAAAAAAAAAAAAAAAAAAAA,AAAAAAAAAAAAAAAAAAAAAAA,AAAAAAAAAAAAAAAAAAAAAAA,NNNNNNNNNNNNNNNNNNNNNNN,AAAAAAAAAAAAAAAAAAAAAAA,AAAAAAAAAAAAAAAAAAAAAAA,AAAAAAAAAAAAAAAAAAAAAAA,NNNNNNNNNNNNNNNNNNNNNNN,0.435318758,0.435318758,1,1,0.0,0.0,0
TTACCTCTTCCTAGCCACCCAGG,AAAAAAAAAAAAAAAAAAAAAAA,AAAAAAAAAAAAAAAAAAAAAAA,AAAAAAAAAAAAAAAAAAAAAAA,NNNNNNNNNNNNNNNNNNNNNNN,NNNNNNNNNNNNNNNNNNNNNNN,AAAAAAAAAAAAAAAAAAAAAAA,AAAAAAAAAAAAAAAAAAAAAAA,NNNNNNNNNNNNNNNNNNNNNNN,0.569239381,0.49796683399999997,1,1,0.07127254700000007,0.0050797759558672195,0
TTAGTGGAGGACTACAGAGCCGG,AAAAAAAAAAAAAAAAAAAAAAA,AAAAAAAAAAAAAAAAAAAAAAA,AAAAAAAAAAAAAAAAAAAAAAA,NNNNNNNNNNNNNNNNNNNNNNN,NNNNNNNNNNNNNNNNNNNNNNN,AAAAAAAAAAAAAAAAAAAAAAA,NNNNNNNNNNNNNNNNNNNNNNN,NNNNNNNNNNNNNNNNNNNNNNN,0.42779215,0.172520189,1,1,0.255271961,0.06516377407278552,0
TTCACCTGGAACAAGCGGAGTGG,AAAAAAAAAAAAAAAAAAAAAAA,AAAAAAAAAAAAAAAAAAAAAAA,AAAAAAAAAAAAAAAAAAAAAAA,NNNNNNNNNNNNNNNNNNNNNNN,AAAAAAAAAAAAAAAAAAAAAAA,AAAAAAAAAAAAAAAAAAAAAAA,AAAAAAAAAAAAAAAAAAAAAAA,NNNNNNNNNNNNNNNNNNNNNNN,0.285399371,0.285399371,1,1,0.0,0.0,0
TTCGCGCACACCGTAGGCCACGG,AAAAAAAAAAAAAAAAAAAAAAA,AAAAAAAAAAAAAAAAAAAAAAA,AAAAAAAAAAAAAAAAAAAAAAA,NNAAAANNNNNAANNNNNNNAAN,NNNNNNNNNNNNNNNNNNNNNNN,AAAAAAAAAAAAAAAAAAAAAAA,AAAAAAAAAAAAAAAAAAAAAAA,NNAAAANNNNNAANNNNNNNAAN,0.670608242,0.19816859,1,1,0.47243965200000004,0.22319922478188114,0
TTTACAGCCGCAAGCACCAGCGG,AAAAAAAAAAAAAAAAAAAAAAA,AAAAAAAAAAAAAAAAAAAAAAA,AAAAAAAAAAAAAAAAAAAAAAA,NNNNNNNNNNNNNNNNNNNNNNN,NNNNNNNNNNNNNNNNNNNNNNN,AAAAAAAAAAAAAAAAAAAAAAA,AAAAAAAAAAAAAAAAAAAAAAA,NNNNNNNNNNNNNNNNNNNNNNN,0.422614511,0.351817493,1,1,0.07079701800000004,0.00501221775769233,0
